Category,SKUs,Revenue,Inventory Value,Stockouts,Avg Days Inventory,Turnover,Revenue per SKU
Food & Beverage,37,2582805.05,73933.98,13,15.889189189189189,34.9,69806.0
Office Supplies,26,4058991.49,112092.02,2,15.773076923076921,36.2,156115.0
Clothing,43,14372392.78,370385.07,8,14.230232558139534,38.8,334242.0
Home & Garden,24,17492196.3,469316.89999999997,11,14.975,37.3,728842.0
Sports,35,22396767.39,519162.73000000004,12,12.722857142857142,43.1,639908.0
Electronics,35,104154580.71000001,2479491.26,2,13.40857142857143,42.0,2975845.0
