product_category,0
Books,44.79610745257541
Clothing,45.06183502748936
Electronics,44.54177539931094
Home & Garden,45.38962667373473
Sports,44.773293938821205
