department,wait_time_minutes,severity_level,satisfaction_score,outcome_score,efficiency_index
Cardiology,24.69871794871795,3.022189349112426,4.0557199211045365,2.1301775147928996,31.63
Dermatology,24.84385026737968,2.978609625668449,4.094117647058823,2.156149732620321,32.06
General Medicine,25.112654320987655,3.017746913580247,4.096450617283951,2.1612654320987654,31.94
Neurology,25.84018987341772,2.8892405063291138,4.112341772151899,2.1487341772151898,34.44
Ophthalmology,23.485539000876425,3.011393514460999,4.0552147239263805,2.145486415425066,30.06
Orthopedics,24.438186813186814,3.0137362637362637,4.033653846153846,2.1263736263736264,31.41
Pediatrics,24.704781704781706,2.991683991683992,4.006237006237006,2.058212058212058,32.55
